id,first_name,last_name
1,Martin,King
2,Derek,Moss
3,Sabrina,Rich
4,Elizabeth,Gonzalez
5,Robert,Kane
6,Jacob,Johnson
7,John,Molina
8,Melissa,Walsh
9,Thomas,Morales
10,Patricia,Fox
11,Cynthia,Smith
12,Ashley,Rodriguez
13,Amanda,Elliott
14,Cynthia,Wright
15,Lisa,Turner
16,Henry,Price
17,Charles,Horton
18,Marissa,Koch
19,William,Hernandez
20,John,Williams
21,Christopher,Snyder
22,Susan,Jones
23,Craig,Robinson
24,Carol,Vazquez
25,Mary,Harvey
26,Lauren,Stone
27,Sandra,Boyd
28,Kevin,Ross
29,Roy,Calderon
30,Brooke,Velazquez
31,Brenda,Pearson
32,Tyler,Gordon
33,Sarah,Jackson
34,Christopher,Moss
35,Steven,Butler
36,Teresa,Brown
37,John,Martin
38,Kimberly,Moore
39,Steven,Herrera
40,Amanda,Bush
41,Derek,Diaz
42,Martha,Morris
43,Sandra,Carney
44,Kristin,Hall
45,Marvin,Kim
46,Shawn,Daniel
47,Matthew,White
48,April,Johnson
49,Louis,Hart
50,Sean,Rivera
51,John,Davis
52,Micheal,Butler
53,Carol,Williams
54,Elizabeth,Rose
55,Jason,Hahn
56,Linda,Watts
57,Ryan,Young
58,Carolyn,Brennan
59,Eric,Gamble
60,Leah,White
61,Shannon,Rojas
62,Dale,Padilla
63,Jonathan,Wise
64,Caitlin,Simmons
65,Gary,Ortiz
66,Alisha,Moore
67,Steven,Cannon
68,Danny,Grant
69,Donald,Singh
70,Doris,Howard
71,Megan,Taylor
72,Gregory,Rice
73,Sarah,Howell
74,Crystal,Peters
75,Brooke,Huff
76,Melissa,Sims
77,Erika,Velez
78,Kristina,Acosta
79,Diana,Boyd
80,Robert,Smith
81,Caitlin,Huffman
82,Stanley,Rivera
83,Sally,Banks
84,Lauren,Ware
85,Kelly,Parsons
86,Angela,Williams
87,Penny,Mccullough
88,Alexandra,Harmon
89,Kyle,Smith
90,Gregory,Johnson
91,Sally,Lam
92,Michele,Marsh
93,Jenna,Ellis
94,Melissa,Lozano
95,Adam,Brock
96,Sydney,Green
97,Erin,Hardy
98,James,Jones
99,Rhonda,Matthews
100,Dustin,Roberts